,steering,gas,break,rewards
0,0.704,0.464,0.432,18.791139240506013
1,0.6418918918918919,0.5202702702702703,0.5067567567567568,15.924115755626545
