,steering,gas,break,rewards
0,0.6,0.52,0.448,3.6945392491464597
1,0.676923076923077,0.6153846153846154,0.5692307692307692,-0.08862876254174529
